ingredient,bridging_score
sapodilla_fruit,0.02558582005880854
apple,0.021406953863711026
white_wine,0.01844850150679751
eucalyptus_globulus,0.016897197574434825
orange,0.016799511997337025
hyacinth,0.014975587048393328
vanilla,0.014727415787047253
apple_juice,0.01458906067988185
nutmeg,0.013943746014155439
matsutake,0.013892838140074614
beer,0.013755706517816938
green_tea,0.013552000034219806
artichoke,0.01146946820317404
tomato,0.01145635831746187
peppermint_oil,0.011360497269850198
camphor,0.011348697446908952
parmesan_cheese,0.011266360681254787
roasted_chicken,0.010815060055792334
malay_apple,0.010228918552144762
hog_plum,0.01017305714352298
roasted_cocoa,0.009990654854885529
sandalwood,0.009872784051647612
clove,0.009857026294296583
cabernet_sauvignon_wine,0.009811639976097365
rooibus_tea,0.009666721792373989
angelica_root,0.009538363891210742
feijoa,0.009526334304575775
pouching_tea,0.009470622580887428
tangerine_juice,0.009192917106967645
cocoa,0.009188654400831244
bell_pepper,0.008902026933295608
cassia,0.008826663826172726
bourbon_whiskey,0.008749986835660402
geranium,0.008590311519912191
cranberry,0.00858973418819335
coriander,0.008342108844418824
peppermint,0.008240476971368272
french_peppermint,0.007944196537291994
cuttlefish,0.007918942781515408
apricot,0.007771771354438103
bilberry,0.0075068421394967584
safflower_seed,0.007425641333770957
squid,0.007414680001668531
champagne_wine,0.007349033465854816
cured_pork,0.007338211412512153
roasted_filbert,0.007287806110815166
plumcot,0.0072210208565771546
sparkling_wine,0.007200917625115466
shallot,0.007189027126519712
malt_whiskey,0.007146255643239351
roasted_barley,0.007139331090525895
ylangylang,0.007127736746090085
asparagus,0.006973910937901161
rose_wine,0.006844096109409059
russian_cheese,0.006833393255390921
barley,0.0067530546185455495
cypress,0.006741601840918964
lemon,0.006682942950953688
rhubarb,0.006537863773391705
cruciferae_seed,0.006494674893221908
carrot,0.00645163896471359
prune,0.006370782350896255
pepino_melon,0.006348091816783568
buchu_oil,0.006325335890132271
peanut,0.006205768538113019
cardamom,0.006193611073473078
parsnip_root,0.006129729552808164
cream_cheese,0.006125151295818251
dill,0.006112989429806186
sour_cherry,0.006093801354602853
prickly_pear,0.006073432288099927
saffron,0.006072999785746788
cider,0.006060300341067574
southern_pea,0.005860301135180803
chicken,0.0057914139377324685
crab,0.005756352363594668
neroli_oil,0.005694800636468191
star_anise,0.005606345677808209
wheat_bread,0.005590826280759495
marjoram,0.005552502266026757
tobacco,0.005474558826540782
french_fried_potato,0.00534169143247952
cupressaceae,0.005326067908865795
buckwheat,0.0052832827586749755
raw_potato,0.005230022305996166
mandarin_peel,0.0051561799317715925
chicory_root,0.00508904123318576
pawpaw,0.004977502489646161
romano_cheese,0.004922092949028417
chinese_cabbage,0.004866348536637201
parsnip_fruit,0.0047629944412243275
peach,0.0047350791532219366
roasted_coconut,0.004732347112541676
wood,0.004730991063860182
tangerine,0.004712713928536074
tuberose,0.0047082771895108465
soy_sauce,0.004634006731246676
feta_cheese,0.004542837900865517
onion,0.0045389006016107
rose_apple,0.004519833822619285
caviar,0.004463918708675488
citrus_juice,0.004442846255208662
wheaten_bread,0.004350768251086824
cabbage,0.004275703316651436
boiled_mutton,0.00427565362581689
popcorn,0.004229376548580737
pork_liver,0.004202673119039824
mastic_gum,0.004176810025571085
sturgeon_caviar,0.0041428398389211606
mozzarella_cheese,0.0041372913583068195
grilled_pork,0.0041125157493440085
raw_soybean_oil,0.004086368017249866
cashew,0.003966896282900121
camphor_oil,0.00390140762357433
lamb,0.0038800736947114138
munster_cheese,0.0038739683807564635
emmental_cheese,0.0038739683807564635
mate,0.0038486440142240313
lime_peel_oil,0.0038328508180875327
roman_chamomile_oil,0.0038208449244609252
banana_passion_fruit,0.003802666885000526
green_bell_pepper,0.003780335375108265
lovage,0.003758361709970409
guinea_pepper,0.003748582885454839
pepper,0.003748582885454839
elderberry_fruit,0.003733049419415736
raw_cabbage,0.00360791176067277
peated_malt,0.0035124161952650554
citrus,0.003509056314303588
roasted_pecan,0.0034837581626227495
satsuma,0.003422171097746711
japanese_plum,0.003393130827203754
pork_sausage,0.003389600491314371
fruit_brandy,0.0032885447119717992
mussel,0.0032130230405336743
raw_fish,0.0031610324240730478
artemisia,0.0031531006028697782
lamb_liver,0.003094168419441544
uncured_pork,0.0030634263873938125
naranjilla,0.002968800091422481
cauliflower,0.002942282622103747
oat,0.0029162529528328316
sassafras,0.0028653488201628775
raw_leek,0.0028635214968787638
raw_fatty_fish,0.0028378141655526963
fatty_fish,0.0028378141655526963
rutabaga,0.0028068688565841765
kaffir_lime,0.00280044420163415
wood_apple,0.0027685737622619396
mustard,0.0027320465956065343
lime,0.0027286974749684283
truffle,0.0027189279741066186
peanut_oil,0.0027037664774069276
black_bean,0.002702074048311948
sweet_grass_oil,0.0026791809529576067
raw_radish,0.002647497178336274
dried_kidney_bean,0.0026428187360830677
pinto_bean,0.002632196552031414
bean,0.002632196552031414
leaf,0.0025864936487042097
guarana,0.0025436650250449853
dill_blossom,0.0025227975726718967
pike,0.0023444065458543624
sea_bass,0.0023444065458543624
java_citronella_oil,0.002328644207333362
clove_oil,0.002328644207333362
cinnamon_leaf,0.002312402078216133
chestnut_flower,0.002236878015762354
black_currant_bud,0.0021569384167020003
raw_turkey,0.0021536342311186908
cured_ham,0.002125082926555817
cayenne_linaloe,0.0021210778014319103
grapefruit_peel_oil,0.002069217523666808
kohlrabi,0.001979448654917617
fennel,0.001963234669028029
tarragon,0.001961722342791741
bog_blueberry,0.0019413250443590018
pinaceae,0.0018831601067302833
wild_raspberry,0.0018776339102655408
fenugreek,0.001853127285843723
laurel_leaf,0.0018363286293966716
sesame_seed,0.001805160663577516
lilac,0.0018008384943921198
whale,0.0017923981837183814
chokeberry,0.0017812789510837435
cowberry,0.0017338061361459047
coal_tar,0.001733748508149528
water_apple,0.0017014948565484077
crowberry,0.0016917360124225603
myrtleberry,0.001682243506876769
black_raspberry,0.001682243506876769
orange_oil,0.001665891002234717
basil,0.0015237724637791371
beef_liver,0.0015024766233475003
litsea_cubeba,0.001459729102648609
jasminum_grandiflorum,0.0014034225381735041
finnish_pine_oil,0.0013986407919765365
grape_must,0.001394736404710896
lemon_flower,0.0013873179452442445
ceylon_citronella,0.0013329567597291148
walnut,0.0013227750901537354
pimento,0.001283162234037708
pinus_sabiniana,0.0010736170774188851
ginger,0.0010607034604697514
daffodil,0.0010537435517904326
tolu_balsam,0.0010073696159520246
pea,0.001005004792250567
lime_juice,0.001000519534792432
broccoli,0.0009670346379634257
parsnip,0.0009595475909150807
filipendula_ulmaria_flower,0.0009472644426014239
kola_nut,0.0009142843149002924
ginger_grass,0.0008920956722110097
cajeput,0.0008753324335229604
rutaceae,0.0008743591221378169
vervain,0.0008593326713947059
custard_apple,0.0008568706231398707
coconut_oil,0.0008451728179846655
auto_oxidized_salmon_oil,0.0008444981048624697
azalea,0.0008428844819608467
daffodil_flower,0.000806985565553469
cinnamon,0.0008066775301775721
lobster,0.0007817037452130997
plum_wine,0.0007747789687424431
rum,0.0007704896717060082
pennyroyal,0.0007666246976567821
vegetable,0.0006923411918172478
japanese_whiskey,0.0006704973267901279
robinia_pseudoacacia,0.0006639246377106502
banana,0.000662324862143384
coriander_oil,0.0006401996896768154
watercress,0.0006398696586514252
laurel,0.0006165150411486995
calytrix_tetragona,0.0006088998175672002
salmon_oil,0.0006006764419452414
turmeric,0.0006000794851394906
tsuga_canadensis,0.0005804607716033049
cymbopogon_javanensis,0.0005668121735495521
lily_oil,0.0005643026293308604
roasted_almond,0.0005578415414989015
tea_leaf_oil,0.000551054497037508
chive,0.000534706068601708
coffee,0.0005176034204877718
honey,0.0005172039297071229
cheese,0.0005092003911323583
hop,0.0005089937729245653
phebalium_dentatum_leaf,0.0005073220768455447
eucalyptus_citriodora_oil,0.0005042224050202047
jonquil,0.0004985137726752294
tangerine_peel_oil,0.00048733914889510956
nectandra_elaiophora,0.00048662564845234463
milk,0.0004792317653088684
lime_oil,0.0004788949789787756
chinese_quince,0.0004742684300687095
chicken_liver,0.0004738718056080458
juniperus_phoenicea_oil,0.00046405123346376876
polianthes_tuberosa_oil,0.0004579324205839353
camembert_cheese,0.0004498396104558315
violet_leaf,0.000443998113801938
american_cranberry,0.00044383914575600255
strawberry_wine,0.00043261356369274053
almond,0.00043192605768652045
rosemary,0.00041249539783963507
gardenia,0.0004105867142365796
rapeseed,0.0004037270019700302
orange_leaf,0.0003975697699735497
brazil_rosewood,0.00039742248378967393
monarda_punctata,0.0003946207365737239
vachellia_farnesiana,0.0003879134405143098
artemisia_cina,0.00038572087570361226
black_tea,0.00038321481558681325
cooked_apple,0.00038183931497011973
cupressaceae_oil,0.0003795231728759796
ethiopian_pepper,0.0003780467088904739
eucalyptus_amygdalina,0.00037602703322858245
curcuma,0.00036827557246322965
roasted_green_tea,0.00036799596802889313
dalbergia_sissoo,0.00036227058266418533
smoked_fish,0.00035801135217152413
raw_asparagus,0.00035496316688564086
star_anise_oil,0.0003505540985801577
tilsit_cheese,0.0003370075353499826
tahiti_vanilla,0.00033356009398592386
weinbrand,0.0003308706445159739
raw_peanut,0.0003277463445766955
rosa_bourboniana_oil,0.00032575021511084974
caja_fruit,0.0003254783277273957
russian_champagne,0.00032479518976101843
celery_seed,0.00032317772328192953
red_algae,0.00032251028913749235
cicuta_virosa_oil,0.00032208696603437193
neroli,0.0003209018666455688
fermented_tea_leaf_oil,0.0003176785645356206
lemongrass,0.0003160194819894433
onion_juice,0.00031410066949018333
cream,0.00031334750194466043
cayenne_rosewood,0.0003062944662421599
jammus_citronella_oil,0.00030459515970188714
citronella,0.0003026264654249694
sesame_oil,0.0002989772724261513
lovage_root,0.00029740260290800645
origanum,0.00029550219016719336
houttuynia_cordata_oil,0.0002939501961612722
salmon_caviar,0.00029038742610181385
lavender,0.0002821273925159053
egg_noodle,0.0002812444140781962
bisabol_myrrh,0.0002768348784336545
caraway,0.000276632013689301
calamus,0.0002759172306596001
anise_brandy,0.0002727356641330231
lemon_peel_oil,0.0002710134015637835
sherry,0.00027083530859417173
oak_leaf,0.0002686166944141343
cloudberry,0.0002668929325026639
russian_peppermint_oil,0.0002656924925777706
orange_juice,0.0002650955951708285
hop_oil,0.00026471785740138945
tonka_bean_seed,0.00026434594553031797
rhus_cotinus_leaf,0.0002637816276804268
ananas_sativus,0.0002583377911942812
winter_savory,0.00025562079031103436
scallion,0.0002552677586258147
sea_buckthorn,0.000255258044109889
myrrh,0.0002514816680363439
horse_mackerel,0.00024653054835134064
red_wine,0.0002464017407600065
valerian_oil,0.00023992524429918805
michelia_champaca_oil,0.00023973182561525373
raspberry,0.00023824596929220162
palmarosa_oil,0.00023802172014548748
smoke,0.00023587566464459834
bantu_beer,0.00023472772782434095
cape_gooseberry,0.0002327970882105381
ceylon_tea_citronella_oil,0.0002291193804665709
thyme,0.0002288181182431617
penang_benzoin,0.00022837433520162174
pinus_jeffreyi_terpentine,0.0002282401778141029
wild_grape,0.00022694593259456173
palm_oil,0.00022554681217460188
artemisia_hausiliensis,0.00022449645668972353
sea_algae,0.00022377607319699615
palm_fruit,0.00022345843260542783
plant,0.00022283818903968253
strawberry,0.00022272984300836463
yellow_mombin,0.0002214082390325186
cymbopogon_citralis_oil,0.0002213284330561767
black_currant,0.00021832266571004342
shellfish,0.0002169434904957124
brandy,0.00021573123111526761
roquefort_cheese,0.00021513785726443992
date,0.000214712534654945
cereal,0.00021469259596820794
salmon_roe,0.00021406022174315256
calyptranthes_parriculata,0.00021344321570854446
buttermilk,0.00021311204244641412
cabbage_juice,0.00021288639874662656
wine,0.0002126063955685064
tomato_juice,0.0002116223423103573
copaiba,0.00021134553742880964
petitgrain_bigarade,0.00021019952597461363
ham,0.00021010252145507204
strawberry_juice,0.00020986093839770324
mulberry_leaf,0.0002089020889703925
brazilian_sassafras_oil,0.00020698115712266843
olive_oil,0.00020656206924721612
anise,0.00020604737309066923
garcia_mangostana,0.00020532030617005423
pickled_plum,0.0002017788129062629
orris,0.0001977761199494723
melissa_oil,0.00019764974761478162
bilberry_wine,0.00019739609967897058
japanese_star_anise,0.00019730403406426482
bitter_fennel,0.00019729736357793924
orange_peel,0.00019668886294500998
fruit_juice,0.00019600686476606432
myrtle,0.00019596820214455544
spermaceti_oil,0.0001959093291284495
red_sage,0.0001947985681152381
mentha_timija,0.00019448530071369433
taiwan_citronella,0.0001938752482033397
roasted_mate,0.00019248198013273497
german_chamomile_oil,0.0001907069319357988
mentha_viridis,0.0001889783038282868
orthodon_citraliferum,0.0001887627005384511
california_orange,0.00018871650384065872
orange_peel_oil,0.00018783574767621404
magnolia_oil,0.00018677102331712746
vanilla_oil,0.00018515724913209782
wild_bergamot,0.00018444321984447133
roasted_onion,0.0001833104939402919
japanese_peppermint_oil,0.00018319413720926472
guava,0.00018314881707851574
mountain_papaya,0.00018311061389224813
cinchona_officinalis,0.00018168839811211348
black_tea_oil,0.0001812121527762382
lettuce,0.00018104612877660662
snap_bean,0.00018029288321807658
lemon_balm,0.00017799092028193718
mentha_citrata,0.0001771102445950067
trifolium_pratense_leaf_oil,0.0001769845059398165
bitter_orange_leaf,0.0001766822785313922
cumin_oil,0.00017627499963582843
long_pepper,0.00017575695002723307
sperm_whale_oil,0.0001752879020246017
french_peppermint_oil,0.00017450779007260403
cherimoya,0.00017288960194758804
mangosteen,0.00017263991796741837
fish_oil,0.0001718329454093319
rue,0.00017161284264199275
lesquerella_seed,0.0001709216044240088
macaroni,0.00017081560056810764
passion_fruit_wine,0.0001701194570203142
bitter_orange_peel_oil,0.00016985958795706003
pelargonium,0.00016942663699722588
blackberry,0.00016941186571983418
rice,0.0001692811083024937
abies_balsamea_oil,0.00016913955104180543
petasites_fragrans,0.00016905050070724142
heracleum_candicans_oil,0.00016890266526680463
spike_oil,0.00016888471681100577
bitter_orange_flower_oil,0.00016845754506491424
wasabi,0.00016828272751542454
roasted_pork,0.00016676436733839003
thea_chinensis_oil,0.00016623731537653922
temple_orange_juice,0.00016525134934011317
jasmine_oil,0.00016512336356731328
israeli_orange,0.00016467373820717705
litsea_guatemalensis,0.0001640616772493553
russian_star_anise,0.00016397288871011347
chickpea,0.00016369763352074262
phellodendron_amurense,0.00016369594920974322
corn_flake,0.00016274500954634657
pennyroyal_oil,0.00016199946842294908
seseli_sibiricum,0.00016168964111592935
watermelon,0.00016165260341067337
sheep_cheese,0.00016079529373757743
niaouli_oil,0.00016037933239407967
eucalyptus_oil,0.00016009589727653093
chinese_star_anise,0.00015934550152596328
silk_fibrooin,0.00015889279904947586
eucalyptus_citridora,0.00015821698453888822
ceylon_tea_cinnamon_leaf,0.00015805744720469238
zingiberaceae,0.00015722383422260943
dacrydium_colensoi,0.00015722110017171872
ximenia_aegyptiaca,0.00015718473729043304
oak_musk,0.00015703776740216653
jasmine,0.00015599492961527732
chamaecyparis_pisifera,0.00015564630320309586
violet_flower_oil,0.0001556236019362766
zanthoxylum_piperitum_fruit_oil,0.00015458594311936431
beet,0.0001543925369217161
california_pepper,0.00015371735187998616
cottage_cheese,0.00015289781516935862
finnish_whiskey,0.00015280987348356885
corn_mint,0.00015242085238687986
monodora_grandiflora,0.00015120983549873684
lemon_peel,0.0001509252896995755
armagnac,0.00015066814063467355
cypress_oil,0.00015008119770078173
eucalyptus_hemilampra,0.0001499630547456641
thymus_mastichina,0.00014936163323617908
lavandin,0.00014897625260353156
bergamot_oil,0.0001481237852487476
thai_pepper,0.00014747100672617223
american_peppermint_oil,0.0001469637924386059
turnip,0.00014532865568435467
boronia_ledifolia_leaf,0.00014467876625982843
elsholtzia_ciliata_oil,0.00014421875501734687
fumaria_officinalis,0.0001437151947995941
hedychium_spicatum,0.00014317713342632937
valerian,0.00014281623130668684
mimosa_oil,0.00014270651112212521
juniper_berry,0.00014267008230430962
angelica_oil,0.0001425573504465889
passiflora_edulis,0.0001425524152047307
ligusticum_acutilobum_oil,0.00014234431058616823
baeckea_citriodora,0.00014158571546652173
waste_wort,0.00014072322010560287
clary_sage_oil,0.00013991114363550022
lean_fish,0.00013956910999330714
agarwood,0.0001394442551833417
capsicum_annuum,0.00013916975324925807
spanish_origanum,0.00013852615011435886
chicken_broth,0.0001380190884158129
botrytized_wine,0.00013779411935110444
starfruit,0.00013772182416465137
pomelo_peel,0.00013768052768658228
key_lime_leaf,0.00013721954433509775
kabosu_peel_oil,0.00013685095338021908
loganberry,0.000136435802559376
artemisia_frigida,0.000135860340358577
siam_benzoin,0.000135391017279327
abies_canadensis,0.00013468609971768123
carob,0.0001340359881632071
artemisia_santolinifolia,0.00013383864912215693
rabbiteye_blueberry,0.00013348316254035975
sphaeranthus_indicus_oil,0.000133288883238896
palmarosa,0.00013311028433768087
caraway_seed,0.00013307674085746388
roasted_sesame_seed,0.00013214032960196805
cigarette,0.00013187922371440836
lavender_oil,0.0001317175941318317
french_lavender,0.00013169726890467393
piper_chaba,0.00013164706067576523
citrus_peel,0.00013129616506531047
mint,0.00013091210711295719
leek,0.00012950110172033264
roasted_peanut,0.00012939760581656568
spanish_sage,0.00012931890324247423
patchouli_oil,0.00012924093512891764
hinoki,0.00012897204274194742
zanthoxylum_rhetsa,0.0001287768020978827
lovage_leaf,0.00012863091383471536
corn_oil,0.00012843524310014883
cumin,0.00012746377656862562
mentha_aquatica,0.0001271867881367331
laminaria_japonica,0.0001269994921098885
petitgrain,0.00012691212687659042
pandanus_odoratissimus,0.00012675372819482474
wood_oil,0.00012662791489794465
polyalthia_canangioides_flower,0.00012654242106799855
lavender_delphinensis,0.00012636750859273553
annona_reticulata,0.00012633422388010673
narcissus,0.00012542137672989068
phebalium_dentatum,0.0001252181686851829
barosma_pulchella_oil,0.0001251615586225898
lemongrass_oil,0.00012462928581025878
durian,0.00012425679484390003
agaricus,0.00012399407658304952
andropogon_gragrans,0.00012361679422309214
datura_stramonium,0.00012336847221518346
violet_leaf_oil,0.00012314774932841252
apple_sauce,0.00012273774313268862
wax_jambu,0.00012245981700342956
pinus_excelsa,0.000121857279658786
oatmeal,0.00012183259089289914
bitter_orange_oil,0.00012149498556866798
guava_peel,0.00012139606824532369
shiitake,0.00012057409244800975
port_wine,0.0001205261850024916
milk_fat,0.00011973249223375174
juniperus_sabina,0.00011930721232730967
seychelles_tea,0.00011863001296998633
angelica_root_oil,0.00011857904745072724
crepis_foetida_root,0.00011847953537706316
petitgrain_lemon,0.00011763890380457875
alpinia_malaccensis,0.00011728159329778992
grape_vine,0.00011725828217726434
lavandin_oil,0.00011661119293658541
bay_laurel_oil,0.00011622417076498785
laurel_leaf_oil,0.00011590037853390942
cantaloupe,0.00011548373055980845
borosma_pulchellum,0.00011520960058438175
butter,0.000115116165105932
orthodon_tenuicaule_oil,0.00011502418352124856
bacon,0.00011500108376672429
yellow_passion_fruit,0.00011489190421819757
chinese_cinnamon,0.00011441856530537799
loiseleuria_procumbens,0.0001141747045998185
chayote,0.00011395342319247871
roasted_malt,0.00011374941477076907
lauraceae,0.00011351107368038267
anise_hyssop,0.00011327919522980393
perovski_abrotanoides_oil,0.00011326023738556954
malt,0.00011113888432291319
mentha_crispa,0.00010987658070981714
petitgrain_lime_oil,0.00010976106960925858
senecio_kaempferi,0.00010972561060659211
rhodotorula_glutinis,0.00010964358748078256
boronia_anemonifolia,0.00010964350543443501
hogweed,0.00010944014947951265
peanut_butter,0.00010925899640444198
malagueta_pepper,0.00010898464956497251
plum,0.00010830555216889469
papaya,0.00010819936113714604
melaleuca_trichostachya_oil,0.00010800418932780428
caucus,0.00010784828665493047
mandarin_oil,0.00010740319281851037
meat,0.00010731415019686476
cognac_oil,0.00010668031709821635
purple_passion_fruit,0.00010623103077828661
eucalyptus_dives_oil,0.00010570879699798415
jasmine_tea,0.00010554119132357826
brewed_tea,0.00010554119132357826
dried_green_tea,0.00010554119132357826
fermented_russian_black_tea,0.00010554119132357826
kola_tea,0.00010554119132357826
dried_black_tea,0.00010554119132357826
calabash_nutmeg,0.00010540234062129093
dried_spinach,0.00010482682736713005
hyacinth_oil,0.00010470468411023453
corn_mint_oil,0.00010450507172763788
eucalyptus,0.00010449361482614809
dill_seed,0.00010424997561908027
florida_orange_juice,0.00010389439883287285
mango,0.0001038911426371974
tobacco_leaf_oil,0.0001030899979532665
thuja_plicata,0.00010245852967388799
grape_brandy,0.0001019805673736698
bulgarian_rose_oil,0.0001016518919690714
basil_oil,0.00010159386846459787
mint_oil,0.00010139593099934969
crisp_bread,0.00010116364108782465
maple_syrup,9.987194775061374e-05
fermented_shrimp,9.950575447777824e-05
carob_fruit,9.934501646810419e-05
japanese_mint,9.818633479613469e-05
ashanti_pepper,9.809631180158015e-05
tea,9.7989388979551e-05
oak_tar_oil,9.790627592907965e-05
sesame_seed_oil,9.782254406026368e-05
spanish_origanum_oil,9.772789856285987e-05
corn_grit,9.751132726026948e-05
jamaican_rum,9.735396726466522e-05
california_orange_peel,9.709880281452982e-05
mexican_linaloe,9.695219236291937e-05
grape_syrup,9.686859604390059e-05
corn_salad,9.680351045599292e-05
beef,9.626804348651043e-05
artemisia_arborescens,9.625699533214116e-05
pimenta,9.586389717135346e-05
galbanum_oil,9.576936070598587e-05
strawberry_jam,9.536564652911598e-05
echinacea,9.517335831790939e-05
rye_bread,9.488568934024953e-05
peru_balsam,9.430738021443485e-05
tsuga_canadensis_oil,9.41387381481615e-05
plum_brandy,9.405403893603432e-05
mexican_lime,9.394632679644677e-05
randia_formosa_flower,9.359209731980256e-05
beef_broth,9.317396708183708e-05
japanese_hop_oil,9.313716413980965e-05
porcini,9.31124488465282e-05
wheat,9.307999634834582e-05
bergamot,9.299048296537742e-05
black_pepper,9.277851529183203e-05
capsicum,9.274063867483776e-05
tabasco_pepper,9.259013697886685e-05
potato_chip,9.198325503594675e-05
litsea_odorifera_leaf_oil,9.18636309629027e-05
nectarine,9.166340101214167e-05
fermented_tea,9.122882358174454e-05
garlic_oil,9.081480794136483e-05
huckleberry,9.028570303062741e-05
ceylon_tea,9.024134811948072e-05
mushroom,8.977701307892483e-05
umbelliferae,8.97303798103821e-05
acacia_farnesiana,8.872670599565043e-05
orchid,8.83735036381803e-05
buchu,8.813977849473328e-05
shoro,8.799411945549903e-05
orthodon_linalooliferum,8.776610164059884e-05
citrus_peel_oil,8.738000100803851e-05
garlic,8.71820731081887e-05
cayenne,8.709647983271048e-05
litsea_zeylanica,8.698482790990874e-05
algae,8.683821278215154e-05
wild_rice,8.681596212266863e-05
satsuma_mandarin_peel,8.648369175823192e-05
narcissus_oil,8.643143457271272e-05
japanese_peppermint,8.612901783790245e-05
benzoin,8.600088878134286e-05
loquat,8.574779213783217e-05
cocoa_leaf,8.542675387944226e-05
congo_geranium,8.511340688611589e-05
mastic_gum_oil,8.502773062182127e-05
nezara_viridula,8.50159434377928e-05
dairy,8.498653196928659e-05
cacao,8.493061985292283e-05
blue_cheese,8.443297234528933e-05
lavender_vera_oil,8.435953117560117e-05
blenheim_apricot,8.42594043181715e-05
picea_balsamea_oil,8.387178076826632e-05
apple_brandy,8.386844914392151e-05
artemisia_herba_alba,8.383887871451964e-05
cheddar_cheese,8.364892286374045e-05
squash,8.348615034502916e-05
elsholtzia_argyi,8.215968318421882e-05
babaco,8.186451779174413e-05
asarum_arifolium_root_oil,8.175114865993293e-05
mutton_liver,8.16697078907811e-05
cupressus_lusitanica,8.140825608271542e-05
chamomile,8.102316642503527e-05
smoked_summer_sausage,8.101957603212428e-05
litsea_guatemalensis_oil,8.08086346051107e-05
melaleuca_oil,8.040298625401409e-05
swiss_cheese,8.030171212807072e-05
rye_flour,8.023480268576797e-05
cumin_fruit_oil,7.996236188515455e-05
bulgarian_rose,7.974215721130057e-05
cajeput_oil,7.9451744014626e-05
sassafras_root_oil,7.935169374782318e-05
while_thyme_oil,7.926289760628565e-05
hybrid_passion_fruit_juice,7.924215777040332e-05
mandarin_leaf_oil,7.85958356195679e-05
enokidake,7.855334092650239e-05
soybean,7.837418859287746e-05
sudachi,7.837164937053557e-05
pine_oil,7.761001290993489e-05
summer_savory,7.760614223338307e-05
thuja_articulata_bark_oil,7.735646888791787e-05
chenopodium,7.693966047864381e-05
bay,7.653236358533398e-05
gruyere_cheese,7.651883698324682e-05
raw_beef,7.613475746277302e-05
ceylon_citronella_oil,7.607423462485526e-05
barosma_pulchella_leaf_oil,7.587856297527956e-05
orange_tree,7.586319996402777e-05
grapefruit_blossom,7.564291375210038e-05
citrus_oil,7.504072005004686e-05
citrus_limetta_oil,7.50395876380449e-05
clary_sage,7.499658695664045e-05
spearmint,7.496492249710987e-05
myrocarpus_fastigiatus,7.49255593561848e-05
muscat_grape_juice,7.47412115963532e-05
beet_juice,7.462092648929219e-05
roasted_chicory_root,7.443680976693302e-05
eucalyptus_globulus_oil,7.435089286004232e-05
petitgrain_lemon_oil,7.430286402571482e-05
achasma_walang,7.426208363122146e-05
butterfat,7.421143181548106e-05
acacia,7.301630555958449e-05
atropa_belladonna_leaf,7.2909554228843e-05
okra,7.235970406032526e-05
magnolia_tripetala,7.229316912432044e-05
cognac,7.22479100506397e-05
artemisia_camphorata,7.162056941270622e-05
carphephorus_corymbosus_leaf,7.129084428439103e-05
mentha_verticillata,7.120728101239877e-05
castoreum,7.110512161247262e-05
eucalyptus_macarthurii,7.102619315405103e-05
kaempferia_ethel_bulb_oil,7.065653181759999e-05
manila_copal,7.062360173105698e-05
carnation_oil,6.999181668784652e-05
pineapple,6.987789867753153e-05
agastache_formosana,6.969292536389744e-05
muscat_grape,6.964913232738939e-05
bulgarian_clary_sage_oil,6.949231308470176e-05
nepeta_japonica,6.947381450015747e-05
dried_parsley,6.941675734523419e-05
oxidized_milk,6.926572197283421e-05
violet,6.91442014473347e-05
kale,6.903066993352246e-05
choke_cherry,6.815913215913065e-05
coprosma_foetidissima_leaf,6.815546629367383e-05
sweet_basil,6.790799135029879e-05
sage,6.768767189320023e-05
kiwi,6.738351137663895e-05
origanum_oil,6.730822111315364e-05
mastic_gum_leaf_oil,6.716358563658733e-05
clam,6.690490193896883e-05
jaborandi_leaf_oil,6.670193904349551e-05
irish_whiskey,6.651764929304847e-05
litsea_zeylanica_oil,6.648472980066281e-05
myrocarpus_frondosus,6.612258848698197e-05
baked_potato,6.567940670123121e-05
trametes_graveolens,6.552152290257249e-05
fried_cured_pork,6.498982253239216e-05
black_sesame_seed,6.484237355567524e-05
gelatin,6.472592370336541e-05
mace,6.467027750683708e-05
rose_oil,6.455470686563026e-05
italian_lime,6.419505793773658e-05
smoked_pork_belly,6.393703749775294e-05
bulgarian_peppermint,6.383446755626969e-05
vetiver,6.372586669053031e-05
beet_root,6.358631897282317e-05
grapefruit_juice,6.338273922585721e-05
sheep_milk,6.329538335695834e-05
wheat_bran,6.28276253552799e-05
wheat_flake,6.28276253552799e-05
whole_grain_wheat_flour,6.28276253552799e-05
melilotus_officinalis_flower,6.224510490600075e-05
artemisia_transiliensis,6.221296851117751e-05
artemisia_scoparia,6.181842634816142e-05
cloudberry_oil,6.17362558283505e-05
pear_brandy,6.169314901604406e-05
boletus_scaber,6.153756013326329e-05
beech,6.14007019936989e-05
domiati_cheese,6.119700021889065e-05
curcuma_aromatica,6.113555902928e-05
pinus_jeffreyi,6.097892484419997e-05
teucrium_chamaedrys,6.052060720005251e-05
grapefruit,6.024715578796038e-05
melilotus_officinalis,6.021871483740683e-05
valencia_orange_oil,6.017596252295029e-05
sugarcane,5.994900617226857e-05
vitis_labrusca_juice,5.9910470121910016e-05
elderberry,5.990205936869642e-05
celery,5.986476229269283e-05
lingonberry,5.9794387610509557e-05
geraniaceae,5.965694211491099e-05
mashed_potato,5.9583044879179835e-05
leptospermum_citratum,5.956458714665759e-05
smoked_pork,5.955873739864625e-05
abies_concolor,5.905411132722721e-05
unprocessed_rice,5.871732695330482e-05
strawberry_oil,5.8675017650070326e-05
ambrette_seed,5.8295418755787204e-05
cilantro,5.807217165528983e-05
petitgrain_bergamot,5.805180247659406e-05
calytrix_virgata,5.801043740328529e-05
yogurt,5.766077784139116e-05
potato,5.731053346254304e-05
thymus,5.7308756039093595e-05
pine_turpentine,5.72687404451441e-05
mandarin_peel_oil,5.70835101147123e-05
paraguay_petitgrain,5.7042937446320054e-05
catfish,5.685871417393662e-05
beechwood_tar,5.674059467855757e-05
bitter_orange_juice,5.6671706201902945e-05
tea_oil,5.6130905871799095e-05
rosa_borbonica,5.602396518503543e-05
licorice,5.564946899626558e-05
roasted_turkey,5.535804895210084e-05
white_bread,5.5269673280770764e-05
goat_milk,5.473026864729166e-05
fortunella_margarita,5.4610303864801574e-05
phebalium_nudum_root_oil,5.4595939927385444e-05
tulip,5.432645921843164e-05
ruta_pinnata_leaf_oil,5.430158556283367e-05
artemisia_juncea,5.414579438325796e-05
ocimum_gratissimum,5.411720876383141e-05
prawn,5.396793873441117e-05
brown_rice,5.359576910817238e-05
estragon,5.358501776379655e-05
onion_oil,5.346554341545293e-05
liver,5.346415224511019e-05
dolphin,5.3210831388221295e-05
scotch_spearmint_oil,5.305398443149064e-05
carnation,5.3046750047746026e-05
elder_flower,5.297601960765372e-05
vitis_labrusca,5.276052039987184e-05
carpinus_betulus,5.268467587434733e-05
boldea_fragrans,5.26476897378969e-05
currant,5.259164853131799e-05
grapefruit_peel,5.238480513620824e-05
corn,5.228980282796506e-05
chinese_star_anise_oil,5.192609181920397e-05
iberis_sempervirens_seed,5.175070226116819e-05
raw_pork,5.146367354607965e-05
wild_berry,5.129781817778249e-05
pumpkin,5.1292591889256895e-05
schizandra_oil,5.127268470525813e-05
verbena_oil,5.096789170336863e-05
scotch_whiskey,5.0722562325500644e-05
boiled_beef,5.0609071185788014e-05
black_chokeberry,4.953784074616801e-05
passion_fruit,4.941149818410647e-05
tea_tree_oil,4.9261458432147734e-05
raspberry_brandy,4.923405312033962e-05
ylangylang_oil,4.917423410973044e-05
temoe_lawak,4.898308307151753e-05
anise_seed,4.8970512941240664e-05
prunus,4.888521670265656e-05
champaca,4.8712178622849534e-05
raw_pea,4.8637705442317295e-05
blueberry,4.8619800394859104e-05
brazil_peppermint_oil,4.821399559589374e-05
cananga,4.8199422640491944e-05
tuber,4.805860077975705e-05
grilled_beef,4.799703230159891e-05
piri_piri,4.787924337519301e-05
provolone_cheese,4.755408826973157e-05
eucalyptus_goniocalyx,4.7270646866795276e-05
mandarin,4.717807213602809e-05
elderberry_juice,4.6943162007844634e-05
trassi,4.69281537201859e-05
french_bean,4.6896843513159155e-05
lantana_camara_oil,4.6829287916027576e-05
finocchoi_fennel_oil,4.669289344556692e-05
cabreuva,4.590598320951423e-05
citronella_oil,4.5548385010636835e-05
pandanus_odoratissimus_oil,4.545092313721618e-05
brazil_nut,4.520752546483498e-05
uncured_smoked_pork,4.517870909284915e-05
kumquat_peel_oil,4.495146005989167e-05
krill,4.485700066702836e-05
callitris_glauca,4.484443172791983e-05
thymus_zygis,4.4811717180512265e-05
citrus_leaf_oil,4.4422335711301276e-05
raw_lean_fish,4.432923998503034e-05
eriostemon_coxii_leaf_oil,4.430323976798149e-05
seseli_tortuosum,4.422321320105667e-05
smoked_herring,4.420760959945932e-05
angelica,4.395305407195172e-05
madagascar_cinnamon_leaf_oil,4.358210450984141e-05
berry,4.347704689128337e-05
horseradish,4.329444786877126e-05
parsley,4.316490246930448e-05
rose,4.3101330631546724e-05
reunion_geranium,4.3014291705024134e-05
olive,4.293627765921195e-05
chrysanthemum_japonicum,4.2917426345674926e-05
goat_cheese,4.2865665876046505e-05
limburger_cheese,4.2865665876046505e-05
uncured_boiled_pork,4.276515830736346e-05
pork,4.276515830736346e-05
boiled_pork,4.266724583073884e-05
fried_pork,4.2623729174461224e-05
fruit,4.2189465241132226e-05
spike,4.205609257472321e-05
european_cranberry,4.205052555918867e-05
backhousia_citriodora_oil,4.202590947653798e-05
east_indian_geranium,4.1999247177466336e-05
scotch_spearmint,4.19176088449447e-05
arrack,4.151254690850012e-05
tamarind,4.1378396364858736e-05
orange_flower,4.1174238523751656e-05
bergamot_peel_oil,4.099250530290915e-05
seal,4.092420969164211e-05
xanthorrhoea_hostilis,4.0756454217911324e-05
gardenia_flower_oil,4.0744887941754156e-05
whiskey,4.0595585104145554e-05
boldo,4.059390775930856e-05
passion_fruit_juice,4.026928005962778e-05
ruta_chalepensis_oil,4.014549961174782e-05
fermented_radish,4.01045409565527e-05
roasted_beef,4.006264948311242e-05
comte_cheese,3.983247834162922e-05
pinus_sabiniana_terpentine,3.9367466556647914e-05
wild_strawberry,3.9278864657844224e-05
demon_red,3.9111934650310074e-05
bitter_orange,3.9006206040044576e-05
currant_leaf,3.892018012229269e-05
rubus_arcticus,3.867249699259257e-05
populus_balsamifera,3.85937669918823e-05
blackberry_juice,3.8237023333565494e-05
cinnamon_leaf_oil,3.789516331816033e-05
piper_officinarum,3.787863714984424e-05
mantis_shrimp,3.756589971930606e-05
black_chokecherry,3.7309593073291417e-05
japanese_seafood,3.6930204610747244e-05
tobacco_leaf,3.6908407954973994e-05
endive,3.688653836980936e-05
thlaspi_arvense_oil,3.673809398736066e-05
katsuobushi,3.6352750306124956e-05
larix_deciduas,3.556348493880916e-05
raspberry_oil,3.534005275128943e-05
concord_grape,3.532396483639727e-05
muscadine_grape,3.4964740933891226e-05
cabernet_sauvignon_grape,3.4964740933891226e-05
sauvignon_blanc_grape,3.4964740933891226e-05
larch_tree,3.4936718898739426e-05
luvunga_scadens_oil,3.481045577512229e-05
coconut,3.448469928220238e-05
boiled_crab,3.409262407859954e-05
mastic_gum_fruit_oil,3.398534725311745e-05
oxidized_skim_milk,3.37927939445079e-05
hevea_brasiliensis_flower,3.3787670930737136e-05
kencur_oil,3.352322580570928e-05
hoary_basil,3.323701966228032e-05
chamomile_oil,3.2943656597677555e-05
toasted_sesame_seed,3.246819601467377e-05
raisin,3.237723803568979e-05
coffee_flower,3.229547894762614e-05
feronia_elephantum,3.227028910261039e-05
wallflower,3.184648244210439e-05
lemon_juice,3.168152507468708e-05
passiflora_mollissima,3.161961560073167e-05
globefish,3.130548904888441e-05
sunflower_oil,3.0997649690828224e-05
monkey_orange,3.0927598061722444e-05
burley_tobacco,3.0888061938457204e-05
sauvignon_grape,3.0871597794675384e-05
grape,3.0871597794675384e-05
spearmint_oil,3.0731444349140004e-05
melon,3.0640160894129425e-05
fried_chicken,3.0325398436370497e-05
red_currant,3.025543574435052e-05
passiflora_edulis_juice,3.0136736268354987e-05
roasted_nut,2.9836045288281375e-05
english_peppermint_oil,2.956040849798414e-05
honey_fungus,2.9428528904677816e-05
seed,2.9420633477703246e-05
eel,2.9238055976953325e-05
whitefish,2.9067120617254782e-05
fish,2.9067120617254782e-05
pilchard,2.9067120617254782e-05
sweetfish,2.9067120617254782e-05
spearmint_scotch_oil,2.9014883528196436e-05
burley_tobacco_oil,2.9006013787698183e-05
highbush_blueberry,2.9000434615246732e-05
cod,2.8982263137513445e-05
mackerel,2.8982263137513445e-05
michelia,2.8837577272501833e-05
cherry_brandy,2.8797082158211006e-05
frankfurter,2.8348896810985974e-05
sake,2.8338550603061915e-05
roman_chamomile,2.832890714684929e-05
zucchini,2.774036984659129e-05
cassis_juice,2.770350841926751e-05
muskmelon,2.747835731453957e-05
rice_bran,2.7378501814902346e-05
bread,2.731868100979995e-05
haddock,2.707063667335614e-05
orthodon_methylisoeugenoliferum,2.704537190874055e-05
scotch,2.6771237296887945e-05
eucalyptus_cinereea,2.674732748502702e-05
crownberry,2.659657518796853e-05
ambrette_seed_oil,2.624471370664761e-05
psilocaulon_absimile,2.61624507551815e-05
malabar_cardamom_oil,2.5954451547217148e-05
black_seabream,2.592883386604102e-05
boiled_chicken,2.5656858051998292e-05
eremocitrus_glauca,2.5614333866210878e-05
oriental_storax,2.5568004370945595e-05
java_citronella,2.556327948101306e-05
filbert,2.543531726590074e-05
raw_chicken,2.5402285612774278e-05
ceylon_cinnamon,2.5378338071831112e-05
fried_beef,2.5171883630972127e-05
wort,2.5093817141063834e-05
yellow_passion_fruit_juice,2.5091915176433887e-05
acacia_flower_oil,2.5021289657972846e-05
jackfruit,2.468609797458981e-05
green_tea_oil,2.4462770185936007e-05
birch,2.4313958354037695e-05
tequila,2.4259090203672517e-05
herring,2.4175313144593418e-05
solidago_odora,2.4132268747907716e-05
ceriman,2.4043835996972447e-05
cayenne_bois_de_rose,2.402713594042632e-05
vetiver_oil,2.3871599490971105e-05
melaleuca_smithii,2.353467578814716e-05
soursop,2.3329947323930048e-05
polysiphonia_fastigiata,2.2963524973454265e-05
clove_pink,2.290414339647873e-05
petitgrain_lime,2.2808262574032198e-05
vinegar,2.247712639143413e-05
cherry,2.2475474035880266e-05
eucalyptus_microcorys_leaf_oil,2.235891710220664e-05
palm,2.2302657589198183e-05
pear,2.189071910724931e-05
rue_oil,2.168714044779589e-05
satsuma_mandarin_peel_oil,2.1663330050379892e-05
scallop,2.152530724501693e-05
chicory,2.1318873393632253e-05
wintergreen_leaf,2.0857308224014322e-05
rhus_semialata,2.0775309880623586e-05
radish,2.0746159523581198e-05
crayfish,2.059480115152428e-05
red_kidney_bean,2.0327769042470775e-05
navy_bean,2.0327769042470775e-05
feces,1.9925358948081863e-05
shrimp,1.979469356258385e-05
mimusops_elengi_flower,1.9784547512222316e-05
leptospermum_liversidgei,1.9746863447352927e-05
gin,1.9709357169696306e-05
mutton,1.9634268131808906e-05
bachang,1.9617621798932786e-05
corn_tortilla,1.9497503058506005e-05
lima_bean,1.9449819519665775e-05
caucas,1.9348074074797672e-05
roasted_macadamia_nut,1.8649676949266998e-05
bael,1.861609754558405e-05
eryngium_poterium_oil,1.8601478240056572e-05
monarda_citriodora_oil,1.8238880821469755e-05
kidney_bean,1.8101559602009776e-05
ceanothus_velutinus_leaf,1.80978736253782e-05
picea_canadensis,1.8029291576268656e-05
fagroea_racemosa_flower,1.7652476198360607e-05
raspberry_juice,1.732306825928045e-05
tuna,1.7255851353481348e-05
macadamia_nut,1.7117933114424378e-05
eucalyptus_dives,1.6823180917887437e-05
turkmenistan_sunguli_oil,1.6797424934672704e-05
vitis,1.6764793845533126e-05
violet_flower,1.6673699914188565e-05
hazelnut,1.6671149211032385e-05
pinus_densiflora,1.6599109278460428e-05
red_bean,1.6508804891956184e-05
raw_bean,1.6508804891956184e-05
american_peppermint,1.643676537334802e-05
litchi,1.642950438282187e-05
roasted_meat,1.639877552082837e-05
cucumber,1.614629435154361e-05
galanga,1.609204692112304e-05
micromeria_abyssinica,1.60525084147803e-05
quince,1.588115429193671e-05
dwarf_quince,1.588115429193671e-05
imperatoria,1.529550895682803e-05
saigon_cinnamon,1.5277917516873218e-05
green_mate,1.500021754088102e-05
rosa_centifolia,1.4959661382107264e-05
elettaria_caradmomum_oil,1.4942343633722631e-05
orange_leaf_oil,1.4700192487380552e-05
red_meat,1.4681226151780949e-05
wintergreen_oil,1.4633252525685542e-05
malabar_lemongrass_oil,1.4546835530633102e-05
pecan,1.4106325771748451e-05
roasted_shrimp,1.3964001707068638e-05
cane_molasses,1.3856039451097304e-05
ligusticum_acutilobum,1.3849469414604168e-05
guineafowl,1.3805616071841397e-05
roasted_hazelnut,1.362984958495654e-05
nut,1.362984958495654e-05
bartlett_pear,1.3512176231344383e-05
melilotus_albus_leaf,1.3422058827049153e-05
cupressus_macrocarpa_oil,1.32649192929469e-05
fig,1.3101930094165769e-05
dried_fig,1.3101930094165769e-05
abies_sibirica,1.3092637399271445e-05
calytrix_tetragona_oil,1.307169068843924e-05
purple_passion_fruit_juice,1.3040823749445473e-05
citrus_fruit_blossom,1.293486051353337e-05
chamaecyparis_formosensis_root_oil,1.289812676351081e-05
brussels_sprout,1.2864324916499832e-05
smoked_fatty_fish,1.2833584201271317e-05
chinese_quince_peel,1.2702658855167985e-05
magnolia_salicifolia_oil,1.26017822746271e-05
egg,1.2596180315695095e-05
oregano_oil,1.2552882338216995e-05
rosaceae,1.2471261885476454e-05
mung_bean,1.2355665857382989e-05
kumquat,1.2338046898972203e-05
cocoa_liquor,1.2320115060557997e-05
chervil,1.2291898998731023e-05
cassava,1.2233381156846583e-05
veal,1.2200988757349144e-05
neroli_bigarade,1.1517866255023615e-05
cinnamon_oil,1.1409367638052647e-05
sour_milk,1.1344802265867605e-05
avocado,1.1213699168623963e-05
pistachio,1.0993632252382987e-05
sweet_potato,1.0964955096760647e-05
welsh_onion,1.0877419265461481e-05
marjoram_oil,1.0618500453538886e-05
cinnamomum_camphora,1.0522821593239223e-05
acacia_caven,1.0419280927700405e-05
soybean_oil,1.0305831540877298e-05
oyster,1.02559241308777e-05
robinia_pseudoacacia_oil,1.0200143759554261e-05
kelp,1.0046303612911322e-05
sauerkraut,9.992580109931543e-06
morus_bombycis_oil,9.909666014410764e-06
almond_flower,9.436679952235191e-06
pittosporum_glabratum,9.29398519944583e-06
raw_lamb,9.267386988860773e-06
skim_milk,8.39229432173069e-06
turkey,8.196930324311407e-06
berry_bud,8.19079360229839e-06
salmon,8.062766154679096e-06
smoked_salmon,8.062766154679096e-06
keta_salmon,8.062766154679096e-06
labdanum,7.767903575528099e-06
toasted_oat,7.305855077181758e-06
pinus_communis_oil,7.298680543821218e-06
flower,7.229103101269487e-06
thujopsis_dolabrata,7.0669206969229565e-06
eucalyptus_maideni,7.007993220604475e-06
cassia_oil,6.904827838452951e-06
rancid_coconut_oil,6.740370102471174e-06
estragon_oil,6.457340619290056e-06
boiled_meat,6.428339691782178e-06
ewe,6.428339691782178e-06
artemisia_ferganensis,6.192316402252821e-06
roasted_lamb,5.86785554539956e-06
wood_vinegar,5.4950873370613254e-06
saxifragaceae,5.439161306893284e-06
phallus_impudicus,5.2367274068516695e-06
grape_juice,5.233756072143673e-06
oat_groat,5.144283320874406e-06
toasted_oat_groat,5.144283320874406e-06
farnesol,5.114245395393946e-06
smoked_sausage,4.993420048507782e-06
siberian_pine_needle_oil,4.627732887163608e-06
rosemary_oil,4.600206154384404e-06
kaschmis_citronella_oil,4.290773848424877e-06
quercus_olive,4.290773848424877e-06
pinus_sylvestris,4.267530561728146e-06
andropogon_jwarancusa,4.2035106993937895e-06
monarda_punctata_oil,4.11208039527139e-06
butter_oil,4.043825837377788e-06
nobiru,3.905542259653588e-06
bulgarian_clary_sage,3.897468543535345e-06
wood_tar,3.865734376587321e-06
petrosimonia_monandra,3.650592821383532e-06
mentha_silvestris_oil,3.607791669533789e-06
heracleum_villosum_oil,3.542911532305571e-06
nira,3.497586836458698e-06
vegetable_oil,3.2813790290609572e-06
achillea_ageratum,3.0377745754210983e-06
california_laurel_oil,2.4903649436563018e-06
bay_laurel,2.4899754941159293e-06
boldo_leaf,2.485236489249315e-06
elsholtzia_ciliata,2.444741353713075e-06
curcuma_aeruginosa,2.444741353713075e-06
holy_basil,2.255966261435511e-06
citronella_grass,1.987722577078766e-06
pickled_ham,1.9089443587078043e-06
eucalyptus_diversicolor_oil,1.8779500607298916e-06
cherry_juice,1.7748128941408594e-06
grapefruit_oil,1.6942685305646087e-06
pittosporum_flower,1.6871002069015213e-06
lemon_oil,1.6817790800202668e-06
animal,1.5266753125256832e-06
achillea_micrantha_oil,1.1750754255347555e-06
labiatae,1.0815674994590204e-06
valencia_orange_juice,1.0378581075655828e-06
japanese_hop,9.833642386398399e-07
indian_hemp,9.833642386398399e-07
aconitum_napellus,9.54378972938608e-07
copaiba_balsam,9.148819195572797e-07
juniperus_chinensis_oil,8.732576091801201e-07
chrysocoris_stolli,8.454960636189278e-07
thymus_caespeititius,6.499755117580401e-07
cistus_ladaniferus,6.331597989762309e-07
cinnamomum,5.761788889393346e-07
brassica,5.034784343119293e-07
east_african_geranium,3.4311132772255103e-07
cinnamomum_cassia_oil,3.0940515180313266e-07
russian_anise,2.7231607904883686e-07
fennel_oil,2.554688436845989e-07
ouzo,2.495284243752159e-07
leaf_oil,2.1296592892869167e-07
boronia_dentigeroides_oil,1.1292701132604814e-07
seed_oil,7.98825954904885e-08
castoreum_oil,2.031536459166025e-08
american_sassafras_oil,2.031536459166025e-08
nemuaron_humboldtii_oil,2.031536459166025e-08
agastache_rugosa,2.031536459166025e-08
monarda_fisulosa,1.6256268041524824e-08
ginger_oil,0.0
lard,0.0
sapodilla,0.0
doryphora_sassafras_leaf_oil,0.0
buchu_leaf_oil,0.0
eryngium_poterium,0.0
cubeb,0.0
hoary_basil_leaf_oil,0.0
bitter_almond,0.0
crimean_white_grape_oil,0.0
mentha,0.0
barosma_crenulata,0.0
blackberry_brandy,0.0
geranium_oil,0.0
south_african_mentha_longifolia,0.0
rafanus_sativus_root,0.0
turpentine,0.0
cryptomeria_japonica,0.0
zanthoxylum_rhetsa_oil,0.0
dwarf_pine,0.0
prunus_laurocerasus,0.0
helichrysum_angustifolium,0.0
sumatra_benzoin,0.0
backhousia_citriodora,0.0
yam,0.0
picea_orientalis,0.0
lemon_eucalyptus,0.0
melaleuca_bracteata,0.0
nettle,0.0
asarum_canadense_root_oil,0.0
thuja_occidentalis,0.0
litsea_odorifera,0.0
